{
    "decimal": "",
    "emptyTable": "Tabloda herhangi bir veri mevcut değil",
    "info": "_TOTAL_ kayıttan _START_ - _END_ arasındaki kayıtlar gösteriliyor",
    "infoEmpty": "Kayıt yok",
    "infoFiltered": "(_MAX_ kayıt içerisinden bulunan)",
    "infoPostFix": "",
    "thousands": ".",
    "lengthMenu": "_MENU_ kayıt göster",
    "loadingRecords": "Yükleniyor...",
    "processing": "İşleniyor...",
    "search": "Ara:",
    "zeroRecords": "Eşleşen kayıt bulunamadı",
    "paginate": {
        "first": "İlk",
        "last": "Son",
        "next": "Sonraki",
        "previous": "Önceki"
    },
    "aria": {
        "sortAscending": ": artan sütun sıralamasını aktifleştir",
        "sortDescending": ": azalan sütun sıralamasını aktifleştir"
    }
} 